{
  "last_analysis": "2025-06-26T15:41:44.131388",
  "full_repo_cost": 7.2635115,
  "worktree_cost": 0.028576499999999998,
  "savings_potential": 7.234935
}