{
  "last_analysis": "2025-06-27T13:09:24.717174",
  "full_repo_cost": 7.262577,
  "worktree_cost": 0.024918,
  "savings_potential": 7.237659
}