{
  "last_analysis": "2025-06-26T16:46:03.257011",
  "full_repo_cost": 7.2616830000000006,
  "worktree_cost": 0.024633,
  "savings_potential": 7.237050000000001
}