{
  "last_analysis": "2025-06-26T16:03:46.597055",
  "full_repo_cost": 7.2607170000000005,
  "worktree_cost": 0.024315,
  "savings_potential": 7.236402000000001
}