{
  "last_analysis": "2025-07-01T23:26:34.119875",
  "full_repo_cost": 7.278726000000001,
  "worktree_cost": 0.025464,
  "savings_potential": 7.253262
}